_id,full_id,lat,long,name
6216745c4a0d2cd7d5a80376,n907784572,18.74305,98.96222,"Swensen's"
6216745c4a0d2cd7d5a8037d,n1074595752,18.79818,98.96686,Mont Blanc
6216745c4a0d2cd7d5a8038e,n1173899486,18.76855,99.00627,Miracle Coffee
6216745c4a0d2cd7d5a80387,n1129280654,18.79455,98.99341,Our House Coffee Shop
6216745c4a0d2cd7d5a80383,n1107234875,18.78557,98.9876,Coffee Bull
6216745c4a0d2cd7d5a80378,n955952427,18.78374,99.0163,Hungry Crust
6216745c4a0d2cd7d5a803bc,n2039957239,18.78835,98.98685,บ้านลุงหมี
6216745c4a0d2cd7d5a803aa,n1685453396,18.77001,98.99877,Arom D Shop
6216745c4a0d2cd7d5a80377,n907784576,18.7431,98.9619,Black Canyon Coffee
6216745c4a0d2cd7d5a8038b,n1169723115,18.83874,98.89653,Highland Agricultural Research Stn. Coffee Shop
6216745c4a0d2cd7d5a80375,n822570109,18.78436,98.99647,Pordee
6216745c4a0d2cd7d5a8037b,n1058639339,18.6684,98.9137,Country Home
6216745c4a0d2cd7d5a803a9,n1618868156,18.78238,98.98997,Doi Chaang
6216745c4a0d2cd7d5a80374,n336237972,18.78802,98.99366,Starbucks
6216745c4a0d2cd7d5a80379,n1006843145,18.78547,98.98848,Cafe de Thaan Aoan
6216745c4a0d2cd7d5a80385,n1127593603,18.80001,98.96723,Doi Tung
6216745c4a0d2cd7d5a8038f,n1314781606,18.77382,99.04159,"Ma Che're"
6216745c4a0d2cd7d5a80391,n1368674790,18.77348,98.999,กาแฟปางขอน
6216745c4a0d2cd7d5a803b9,n2005925281,18.75974,98.91379,บ้านสวนกาแฟ
6216745c4a0d2cd7d5a803bb,n2039805560,18.75717,99.04898,Coffee Corner
6216745c4a0d2cd7d5a803b1,n1797002637,18.79745,98.96837,Marble Arch
6216745c4a0d2cd7d5a803c9,n2099411789,18.79786,98.96461,Wawee Coffee
6216745c4a0d2cd7d5a803b3,n1797039541,18.79674,98.96966,Dejavu Cafe
6216745c4a0d2cd7d5a803d0,n2341954681,18.76542,99.03736,Black Canyon Coffee
6216745c4a0d2cd7d5a803d5,n2419667430,18.7882,98.98535,Rajdamnoen Coffee
6216745c4a0d2cd7d5a803b5,n1819858250,19.21825,98.67071,ร้านกาแฟบ้านแม่มด
6216745c4a0d2cd7d5a803c8,n2099411773,18.79467,98.96613,Cosmos Cafe
6216745c4a0d2cd7d5a803e8,n2505598106,18.79425,98.96893,ไอเบอร์รี่
6216745c4a0d2cd7d5a803d7,n2434777647,18.80302,98.95415,Him Tang
6216745c4a0d2cd7d5a803f7,n2590253491,18.87914,99.06098,เกียว ไอศครีมกะทิ
6216745c4a0d2cd7d5a80400,n2618260105,17.79684,98.35723,โจโจ้ อินเตอร์เน็ต
6216745c4a0d2cd7d5a80406,n2648382125,18.78939,99.00421,Wawee
6216745c4a0d2cd7d5a80407,n2648443313,18.77706,99.00761,เฮือนโบราณ ฮิมปิง
6216745c4a0d2cd7d5a80412,n2660438583,18.79626,98.96576,Dude Cafe
6216745c4a0d2cd7d5a80416,n2682493524,18.80872,99.01262,เฮือนซาลาเปา
6216745c4a0d2cd7d5a8042d,n3091942614,18.80811,98.99505,กาแฟรสนิยม
6216745c4a0d2cd7d5a80438,n3174252561,18.68733,98.94743,Casa Shadé
6216745c4a0d2cd7d5a80418,n2682577300,18.82594,99.01189,ฝ้ายเบเกอรี่
6216745c4a0d2cd7d5a8043d,n3184594340,18.8467,99.07953,ใบทอง บวยเลิฟ
6216745c4a0d2cd7d5a80429,n2984537933,18.78567,99.00915,Coffee Journey
6216745c4a0d2cd7d5a80442,n3207247636,18.79727,99.00239,Oldies
6216745c4a0d2cd7d5a80432,n3116053111,18.80649,99.01766,Starbucks
6216745c4a0d2cd7d5a8045c,n3287846761,18.79759,98.96927,Goat Coffee
6216745c4a0d2cd7d5a8044f,n3256172105,18.74881,98.89025,Doi Chaang
6216745c4a0d2cd7d5a80478,n3347633205,18.76978,98.97521,สตาร์บัคส์
6216745c4a0d2cd7d5a8047c,n3369589470,18.78986,98.9706,Café Amazon
6216745c4a0d2cd7d5a80463,n3311240961,18.80383,98.97238,Bakerista
6216745c4a0d2cd7d5a8047d,n3369589473,18.78998,98.97061,QQ Cafe
6216745c4a0d2cd7d5a80466,n3317920525,18.79642,98.98303,Café Amazon
6216745c4a0d2cd7d5a80485,n3384141891,18.78284,98.98271,Nok Kafe
6216745c4a0d2cd7d5a80488,n3385505418,18.79191,98.97898,"Tikky's Café"
6216745c4a0d2cd7d5a8048e,n3400287976,18.79625,98.96607,Fruiturday
6216745c4a0d2cd7d5a80493,n3412153330,18.75568,99.01807,Hugs Coffee
6216745c4a0d2cd7d5a804ad,n3426400071,18.79867,98.96864,Janie Scoop
6216745c4a0d2cd7d5a804b6,n3461566102,18.79623,99.04759,Rice Life
6216745c4a0d2cd7d5a804b2,n3431033697,18.79986,98.96752,Home Sit
6216745c4a0d2cd7d5a804ca,n3843126639,18.77915,98.98873,Cozy Cafe
6216745c4a0d2cd7d5a804bf,n3643666024,18.75868,98.94348,เมา กาแฟ
6216745c4a0d2cd7d5a804d6,n3907605475,18.7822,98.98976,Trailhead Café
6216745c4a0d2cd7d5a804c9,n3832005201,18.65485,98.86489,แกะดำฉำฉา
6216745c4a0d2cd7d5a804ce,n3851644959,19.32846,98.92814,Food
6216745c4a0d2cd7d5a804dd,n3927203442,18.7508,98.92521,Café Amazon
6216745c4a0d2cd7d5a804e5,n3935432857,18.78919,98.95521,Ocha Coffee
6216745c4a0d2cd7d5a804f4,n4129821990,18.78566,98.9875,Coffee Cop
6216745c4a0d2cd7d5a80500,n4217131891,18.78647,98.98215,The Juicery
6216745c4a0d2cd7d5a804ef,n4067975166,18.74762,99.0092,กาแฟยิ้มยิ้ม
6216745c4a0d2cd7d5a80515,n4358605082,18.78791,98.9626,Inbox Coffee
6216745c4a0d2cd7d5a804f0,n4069454731,18.76199,99.00157,เคลิ้มกาแฟ
6216745c4a0d2cd7d5a8050c,n4333425791,18.80229,98.96646,Tiger TED Cafe
6216745c4a0d2cd7d5a8051c,n4359739852,18.78898,98.96513,"Ice Love You Cafe'"
6216745c4a0d2cd7d5a80535,n4505551231,18.79986,98.97462,Ombra Cafe
6216745c4a0d2cd7d5a80542,n4554412845,18.75947,99.13959,Near Mom Cafe
6216745c4a0d2cd7d5a80539,n4514610993,18.79098,98.97847,Mix Kaffee
6216745c4a0d2cd7d5a8054e,n4594757865,18.97391,98.94586,Love@Rimrin
6216745c4a0d2cd7d5a8054a,n4586796889,18.78117,98.99413,Ma-Chill
6216745c4a0d2cd7d5a80565,n4725230318,18.75608,99.05094,Saha Coffee
6216745c4a0d2cd7d5a8054b,n4591854123,18.48296,98.80221,เดอดอยหล่อ
6216745c4a0d2cd7d5a8039b,n1477720119,18.78209,98.9945,Hawaiian Son
6216745c4a0d2cd7d5a803a7,n1616053536,18.79561,98.97611,"Swensen's"
6216745c4a0d2cd7d5a803ad,n1796992465,18.79774,98.96738,Ninety-Four Coffee
6216745c4a0d2cd7d5a803b2,n1797019229,18.79732,98.97,O-B-One Coffee & Juice
6216745c4a0d2cd7d5a803e4,n2466333305,18.78723,98.98979,Coffee in Narrow
6216745c4a0d2cd7d5a803fe,n2617030206,17.80021,98.3581,ร้านกาแฟ
6216745c4a0d2cd7d5a80423,n2865857601,18.8077,99.01821,"Gloria Jean's Coffee"
6216745c4a0d2cd7d5a8042a,n3058738323,18.79802,98.97383,"Beck's Cafe"
6216745c4a0d2cd7d5a80430,n3107256389,19.08258,98.93666,Café Amazon
6216745c4a0d2cd7d5a80435,n3152478861,18.79848,99.01756,Coffee House
6216745c4a0d2cd7d5a8045e,n3298008463,18.80337,98.98032,Coffee Champ
6216745c4a0d2cd7d5a80467,n3318180867,18.79673,98.97598,สตาร์บัคส์
6216745c4a0d2cd7d5a80476,n3347631782,18.76937,98.97559,Coffee World
6216745c4a0d2cd7d5a80483,n3384100280,18.78566,98.98316,Coffee Lovers
6216745c4a0d2cd7d5a80487,n3385494997,18.79339,98.98203,Fern Forest Cafe
6216745c4a0d2cd7d5a804b8,n3490771193,18.79831,99.02236,"Swensen's"
6216745c4a0d2cd7d5a804ba,n3540899195,18.83506,99.0372,"Dunkin' Donuts"
6216745c4a0d2cd7d5a804c1,n3670606396,18.78321,98.9927,Moon Muang
6216745c4a0d2cd7d5a804f2,n4089415962,18.70694,99.02667,Doi Chaang Coffee
6216745c4a0d2cd7d5a804fd,n4208599025,19.62441,99.12892,Cafe de Time
6216745c4a0d2cd7d5a80503,n4248786004,18.77171,98.94751,บีซู คาเฟ่
6216745c4a0d2cd7d5a80508,n4281954591,18.79369,98.99221,Mild
6216745c4a0d2cd7d5a80518,n4358831080,18.79134,98.95927,ร้านกาแฟสังคม
6216745c4a0d2cd7d5a80525,n4413425463,18.80738,98.95705,Cafe Amazon
6216745c4a0d2cd7d5a80538,n4513838582,18.15103,98.2451,Cafe Klang Doi
6216745c4a0d2cd7d5a80543,n4555359051,18.76502,98.95312,Asama
6216745c4a0d2cd7d5a80555,n4596413946,18.79506,98.96357,October
6216745c4a0d2cd7d5a80560,n4641683190,18.79446,98.97332,ชีวิตคนธรรมดา
6216745c4a0d2cd7d5a803ee,n2531723595,18.90601,99.13512,Le Cafe Doisaket
6216745c4a0d2cd7d5a803f1,n2554099859,18.7994,98.9739,Sudsanan
6216745c4a0d2cd7d5a803f6,n2590185727,18.7819,98.98076,คำ-ม่อน
6216745c4a0d2cd7d5a80440,n3197689690,18.78941,98.98283,Tree Sis Coffee
6216745c4a0d2cd7d5a80446,n3237872029,18.79529,98.99657,Coffee & Bakery
6216745c4a0d2cd7d5a8045b,n3287829862,18.79753,98.96947,Timely Cafe
6216745c4a0d2cd7d5a80461,n3305560828,18.79003,98.99002,Ponganes
6216745c4a0d2cd7d5a80462,n3311199585,18.80024,98.97539,กาแฟสารภี
6216745c4a0d2cd7d5a80481,n3379414262,19.16864,98.69114,Hi Coffee
6216745c4a0d2cd7d5a80482,n3380623726,18.7941,98.97293,T@31 Coffee
6216745c4a0d2cd7d5a80484,n3384119221,18.7867,98.98236,Blue Note
6216745c4a0d2cd7d5a804ac,n3421308693,18.79638,98.9685,Mango Tango
6216745c4a0d2cd7d5a804b9,n3498459991,18.78462,98.9592,Café Amazon
6216745c4a0d2cd7d5a804d2,n3884665393,17.40543,98.45554,ณ แม่ตื๋น คาเฟ่
6216745c4a0d2cd7d5a804d5,n3906212509,18.76538,98.99158,Café Amazon
6216745c4a0d2cd7d5a804dc,n3924966402,18.91918,98.94325,Café Amazon
6216745c4a0d2cd7d5a8052c,n4441486862,18.80269,98.98231,Moom la Moon Café
6216745c4a0d2cd7d5a80531,n4461682615,18.86515,99.34742,Ted Du Coffee
6216745c4a0d2cd7d5a80541,n4553735161,19.17411,99.03027,Top Coffee
6216745c4a0d2cd7d5a80544,n4556047500,18.75351,99.12936,Coffactry
6216745c4a0d2cd7d5a8055a,n4608389285,18.84394,99.01811,Aleenta Coffea
6216745c4a0d2cd7d5a8037f,n1093720093,18.76621,99.08301,Coffee Time
6216745c4a0d2cd7d5a80392,n1377321248,18.72204,99.02644,บ้านแยมโรล
6216745c4a0d2cd7d5a80394,n1446804460,18.77982,99.04402,มิราเคิลกาแฟ
6216745c4a0d2cd7d5a80396,n1474870808,18.76813,98.9683,Ninety-Four Coffee
6216745c4a0d2cd7d5a80398,n1474872064,18.76937,98.96833,Caffe Ritazza
6216745c4a0d2cd7d5a803a4,n1595585867,18.78784,98.99448,Java Coffee
6216745c4a0d2cd7d5a803a8,n1618868154,18.7834,98.9853,กูดมอนิ่งเชียงใหม่
6216745c4a0d2cd7d5a803b8,n1974754623,18.84868,98.95661,Kaffee Bitte
6216745c4a0d2cd7d5a803cf,n2341902528,18.76642,99.03772,Mochi
6216745c4a0d2cd7d5a803e5,n2488959596,18.8659,99.35571,ร้านกาแฟชมนกชมไม้
6216745c4a0d2cd7d5a803ed,n2530435333,18.80238,98.97939,ขนมหวาน
6216745c4a0d2cd7d5a803ef,n2543122637,19.0449,99.34211,Nine One Coffee
6216745c4a0d2cd7d5a803f0,n2544996945,18.60487,98.79185,Food
6216745c4a0d2cd7d5a803f9,n2598509572,18.79081,98.98768,Kaffe 151
6216745c4a0d2cd7d5a803fb,n2609583867,18.80928,98.96317,Latte Delight
6216745c4a0d2cd7d5a803fc,n2610694860,18.92202,98.99395,Cafe Long Do
6216745c4a0d2cd7d5a80401,n2628382300,18.78415,98.99279,เฮือนคำปิน
6216745c4a0d2cd7d5a8042b,n3063226177,18.8748,99.13625,ที่นี่ ลีลาวดี
6216745c4a0d2cd7d5a80431,n3112473832,18.86591,99.15034,Eden Cafe
6216745c4a0d2cd7d5a8044a,n3247133753,18.94166,98.88727,บ้านดอย
6216745c4a0d2cd7d5a80464,n3311605585,18.8049,98.96936,Miracle Coffee
6216745c4a0d2cd7d5a8046b,n3326560610,18.78146,99.00319,L‘Opéra
6216745c4a0d2cd7d5a80477,n3347631783,18.76955,98.97493,Fang Coffee
6216745c4a0d2cd7d5a80495,n3414272474,18.78427,98.99597,Crema Cafe
6216745c4a0d2cd7d5a8049a,n3417316793,18.79708,98.96609,Yesterday
6216745c4a0d2cd7d5a804ab,n3421300374,18.79514,98.96815,Goong
6216745c4a0d2cd7d5a804c3,n3699435615,18.76213,99.03023,Ramino de Cafe
6216745c4a0d2cd7d5a804cb,n3843126641,18.78972,98.98769,La Mango
6216745c4a0d2cd7d5a804db,n3912487220,18.91177,98.82592,โป่งแยงเบอร์รี่-วินดี้ฮิลล์
6216745c4a0d2cd7d5a804f8,n4173012792,18.76032,98.99813,錯誤
6216745c4a0d2cd7d5a80505,n4262547890,19.10784,99.04059,Graveyard View
6216745c4a0d2cd7d5a80507,n4265515989,18.80428,98.96786,Cottontree
6216745c4a0d2cd7d5a8051f,n4360094735,18.79311,98.97242,Wide-awake 24 hours
6216745c4a0d2cd7d5a8052a,n4438545289,18.79884,98.96864,Ristr8to Lab
6216745c4a0d2cd7d5a80532,n4476976180,18.79597,98.96546,Cafe Kantary
6216745c4a0d2cd7d5a80536,n4506585926,18.74031,98.97447,Good Vibes Cafe
6216745c4a0d2cd7d5a8054f,n4594764320,19.0261,98.94452,"Cat's Coffee"
6216745c4a0d2cd7d5a80551,n4596223590,18.79912,98.96572,Cat Me
6216745c4a0d2cd7d5a80564,n4711076389,18.79223,98.97852,Coffee Addict
6216745c4a0d2cd7d5a80566,n4728841092,18.89913,98.86519,Thap - Rim - Than
6216745c4a0d2cd7d5a8037e,n1074595753,18.798,98.96681,"Dolcetto' Cafe"
6216745c4a0d2cd7d5a8038d,n1173899412,18.76829,99.0057,Mata Coffee
6216745c4a0d2cd7d5a803c5,n2085425699,18.79569,98.953,เพลินคาเฟ่
6216745c4a0d2cd7d5a803cc,n2105737204,18.79845,98.98669,Hillkoff Coffee Sales & Service
6216745c4a0d2cd7d5a803da,n2434785831,18.80368,98.953,Double Click Cafe
6216745c4a0d2cd7d5a803df,n2434791784,18.80195,98.95045,The Chalatte
6216745c4a0d2cd7d5a803e3,n2465491441,18.9083,99.25029,Coffee Corner
6216745c4a0d2cd7d5a803e9,n2517085338,18.82438,99.01384,Black Canyon
6216745c4a0d2cd7d5a8041b,n2685512392,18.62976,98.89662,Cup & Cake
6216745c4a0d2cd7d5a80444,n3235399085,18.64154,98.69987,Cafe de Wang
6216745c4a0d2cd7d5a80449,n3242548890,18.8074,98.95735,Doi Chaang
6216745c4a0d2cd7d5a8045f,n3298047309,18.8053,98.98309,Phuphiang Coffee
6216745c4a0d2cd7d5a8046f,n3340956813,18.85614,98.9868,My Secret Cafe
6216745c4a0d2cd7d5a8047a,n3347664219,18.76956,98.97514,"Swensen's"
6216745c4a0d2cd7d5a80491,n3409866635,18.74013,99.01427,Deco Coffee & Tea
6216745c4a0d2cd7d5a804ee,n4064637987,18.76659,98.99526,Bee Healthy
6216745c4a0d2cd7d5a80504,n4260029196,19.08803,98.90256,Café Chez Nous
6216745c4a0d2cd7d5a80509,n4285584789,18.79647,98.96579,Wake Up
6216745c4a0d2cd7d5a80521,n4360574586,18.79184,98.95804,D-Milk ไมโลดิบ
6216745c4a0d2cd7d5a8053f,n4539213084,18.78656,98.96866,Uncle Coffee
6216745c4a0d2cd7d5a80548,n4586086268,18.8002,99.01883,"Tom'n'Toms Coffee"
6216745c4a0d2cd7d5a8054d,n4592959931,18.91192,99.01714,กาแฟโบราณ
6216745c4a0d2cd7d5a80556,n4596413947,18.79695,98.96599,Shaker House
6216745c4a0d2cd7d5a80384,n1127592858,18.7996,98.96765,Cofésta
6216745c4a0d2cd7d5a8039c,n1477737616,18.78376,98.9958,Born 2
6216745c4a0d2cd7d5a803ae,n1796992466,18.79772,98.96743,Aroma
6216745c4a0d2cd7d5a803c1,n2071377908,19.35317,98.96398,คาเฟ่ อเมซอน
6216745c4a0d2cd7d5a803ca,n2104376722,18.80408,98.97904,Na Na Croissant and Coffee
6216745c4a0d2cd7d5a803d1,n2341962163,18.76612,99.03785,MilkyWay
6216745c4a0d2cd7d5a803d6,n2434773550,18.80195,98.95532,Au choix
6216745c4a0d2cd7d5a803de,n2434791424,18.80151,98.95281,C.M.U Bookstore Coffee
6216745c4a0d2cd7d5a803e0,n2434793620,18.79413,98.95711,ฝ้ายเบเกอรี่
6216745c4a0d2cd7d5a80405,n2642156470,18.86574,99.35351,บ้านแม่กำปอง โฮมสเตย์
6216745c4a0d2cd7d5a80411,n2660438580,18.79464,98.96557,Doi Chaang
6216745c4a0d2cd7d5a80413,n2661676325,18.78887,98.97309,Gateaux House
6216745c4a0d2cd7d5a80414,n2666702978,19.20812,98.6707,ร้านครึ่งทางโอเคมาร์ท
6216745c4a0d2cd7d5a80415,n2678552865,18.79588,99.00579,Im Cafe
6216745c4a0d2cd7d5a80421,n2865846901,18.80688,99.01812,Coffee World
6216745c4a0d2cd7d5a80422,n2865847101,18.80676,99.01804,Pang Ping Café
6216745c4a0d2cd7d5a8043f,n3195504333,18.80786,98.99494,The Baristro
6216745c4a0d2cd7d5a80448,n3242156462,18.79666,99.01626,Café Amazon
6216745c4a0d2cd7d5a80459,n3287356498,18.80236,98.96778,Starbucks
6216745c4a0d2cd7d5a8045d,n3287854761,18.79767,98.96834,Chuen
6216745c4a0d2cd7d5a80499,n3417167516,18.78577,99.003,Genocafe
6216745c4a0d2cd7d5a804a6,n3421254993,18.79383,98.97086,กาแฟสดกาน้ำ
6216745c4a0d2cd7d5a804e1,n3927203453,18.79803,98.97347,The Coffee Station
6216745c4a0d2cd7d5a804e7,n3937133678,18.83361,99.00331,ไอดีดี คาเฟ่
6216745c4a0d2cd7d5a804fc,n4206129189,20.06,99.36117,Espresso - 95 Coffee
6216745c4a0d2cd7d5a8051e,n4360075278,18.78966,98.96481,กาแฟดีนาน
6216745c4a0d2cd7d5a8052f,n4459082049,18.41459,98.70876,เก๊ามะขาม
6216745c4a0d2cd7d5a80547,n4563204089,18.79028,98.99423,Libernard Cafe
6216745c4a0d2cd7d5a80552,n4596241378,18.79937,98.96409,Hug a Cup
6216745c4a0d2cd7d5a8037a,n1014351915,18.80727,98.9709,Friendly Coffee
6216745c4a0d2cd7d5a8037c,n1074594027,18.79836,98.96667,Ember
6216745c4a0d2cd7d5a80381,n1101287698,18.78105,99.00068,"Cafe de L'Amour"
6216745c4a0d2cd7d5a80397,n1474871817,18.76918,98.96832,Ninety-Four Coffee
6216745c4a0d2cd7d5a8039a,n1477503682,18.78355,98.99669,โรซาร์ เพลส
6216745c4a0d2cd7d5a8039e,n1491288849,18.79101,98.99024,Chiang Mai Tea House
6216745c4a0d2cd7d5a803ba,n2005925282,18.7605,98.90499,พรีาว & พลีน
6216745c4a0d2cd7d5a803bd,n2040022297,18.78558,98.98999,J. Ju Coffee
6216745c4a0d2cd7d5a803c2,n2074584720,20.02723,99.28518,Hugs Coffee
6216745c4a0d2cd7d5a80409,n2650769476,18.79889,98.97125,Yellow Bear Coffee
6216745c4a0d2cd7d5a8041d,n2716915567,18.78791,98.99294,The Coffee Club
6216745c4a0d2cd7d5a80420,n2865694701,18.80588,98.9881,Sleepless
6216745c4a0d2cd7d5a80434,n3149195389,18.90892,98.9477,Cool Cafe
6216745c4a0d2cd7d5a80439,n3180206861,18.79887,99.02383,I Love Ice Cream
6216745c4a0d2cd7d5a80445,n3237458360,18.92036,98.91671,Beatles Station
6216745c4a0d2cd7d5a80450,n3266573695,18.78407,98.9928,"Brews' Job"
6216745c4a0d2cd7d5a80460,n3304375063,18.80547,98.98334,"Ab'Petite Cafe"
6216745c4a0d2cd7d5a804aa,n3421278244,18.79447,98.96928,Favour Art Cafe
6216745c4a0d2cd7d5a804b0,n3426416706,18.79981,98.96822,ชั้นหนึ่ง
6216745c4a0d2cd7d5a804b1,n3426430299,18.80123,98.96734,คูร์ทอช์ บ้านเค้กปล่องไฟ
6216745c4a0d2cd7d5a804bc,n3632282338,18.76454,99.02802,ปรารถนา กาแฟ
6216745c4a0d2cd7d5a804c5,n3781540200,20.06007,99.36251,The Harbour
6216745c4a0d2cd7d5a804d8,n3907871479,18.77226,98.99956,Wawee Coffee
6216745c4a0d2cd7d5a804d9,n3908107549,18.771,99.00547,Cafe de Krabi
6216745c4a0d2cd7d5a804da,n3912487219,18.90123,98.95001,Inthanin Coffee
6216745c4a0d2cd7d5a804e6,n3937133676,18.84244,98.98193,ออนเดอะเวย์ คาเฟ่
6216745c4a0d2cd7d5a804ed,n4052303895,18.73264,98.9743,Cafe
6216745c4a0d2cd7d5a8050a,n4294806092,19.74688,99.1447,Doi Chaang
6216745c4a0d2cd7d5a80512,n4353673933,18.78982,98.95594,แมวมอธ แคทคาเฟ่
6216745c4a0d2cd7d5a80528,n4427268749,18.79933,99.02466,Wake You Up
6216745c4a0d2cd7d5a80549,n4586086270,18.80009,99.01839,Wawee Coffee
6216745c4a0d2cd7d5a80550,n4595116409,19.14458,98.9998,Chusin Coffee
6216745c4a0d2cd7d5a80561,n4655307491,18.79067,98.98424,Rakuda
6216745c4a0d2cd7d5a803b0,n1797000726,18.79749,98.96835,Tea Tales
6216745c4a0d2cd7d5a803d8,n2434783251,18.80366,98.95418,กาแฟรัฐศาสตร์
6216745c4a0d2cd7d5a803fa,n2600941805,18.85174,99.01377,กลิณกาแฟ
6216745c4a0d2cd7d5a80410,n2658260600,18.77743,98.98727,De Cassowary
6216745c4a0d2cd7d5a80441,n3206107861,18.82261,98.96569,Sidamo Coffee
6216745c4a0d2cd7d5a8044e,n3249112264,18.80627,99.01839,Swensens
6216745c4a0d2cd7d5a80455,n3285298562,18.79965,98.97761,Artisan
6216745c4a0d2cd7d5a8045a,n3287791861,18.79813,98.96949,Gelabar
6216745c4a0d2cd7d5a80486,n3384152432,18.78174,98.98309,Happy Espresso
6216745c4a0d2cd7d5a8048c,n3395080852,18.78618,99.00669,Love at First Bite
6216745c4a0d2cd7d5a80497,n3416881722,18.74872,99.00483,มนเมืองกาแฟ
6216745c4a0d2cd7d5a8049b,n3418924493,18.73381,99.02802,Ban Panfa Cafe & Bakery
6216745c4a0d2cd7d5a804a0,n3419811901,18.78672,98.99025,Pakhinai Cafe
6216745c4a0d2cd7d5a804c0,n3650359131,18.72615,98.96021,ค็อฟฟี่เดอแคนเดิล
6216745c4a0d2cd7d5a804c2,n3672043732,18.79,98.97274,Library Coffee (5F)
6216745c4a0d2cd7d5a804cd,n3851468855,18.8712,99.12585,บ้านเชียงรุ้ง
6216745c4a0d2cd7d5a804f5,n4132247489,18.78815,98.98682,Kaldi Coffee House
6216745c4a0d2cd7d5a804f9,n4180090391,18.81863,98.96919,ฮอห์ม คาเฟ่
6216745c4a0d2cd7d5a80502,n4225761969,18.80597,98.99714,Collina
6216745c4a0d2cd7d5a8051b,n4359158922,18.80839,98.99551,ตี๋นมสด
6216745c4a0d2cd7d5a80523,n4362621673,18.79252,98.95597,ชาชิมิ
6216745c4a0d2cd7d5a80524,n4364338694,18.79052,98.99017,เฟื่องฟ้า คาเฟ่
6216745c4a0d2cd7d5a80529,n4427268751,18.79882,99.02449,Blue Cafe
6216745c4a0d2cd7d5a80530,n4460077989,18.82542,99.01129,Doi Taeng Coffee
6216745c4a0d2cd7d5a80537,n4513838300,18.43091,98.68358,Inthanin Coffee
6216745c4a0d2cd7d5a80558,n4602601056,18.87809,99.12522,Pronto Café
6216745c4a0d2cd7d5a8055d,n4623096989,18.78826,98.98834,Lana coffee
6216745c4a0d2cd7d5a8039d,n1491288310,18.79106,98.99048,Juice
6216745c4a0d2cd7d5a803b6,n1819897327,18.74224,99.00329,Doi Chaang
6216745c4a0d2cd7d5a803b7,n1903665319,18.77126,98.97642,Doi Chaang Coffee
6216745c4a0d2cd7d5a803ce,n2187932054,18.7956,99.02999,Hom Groon Coffee
6216745c4a0d2cd7d5a803d9,n2434783680,18.79616,98.95247,Smile Coffee
6216745c4a0d2cd7d5a803f3,n2581627060,18.75364,99.10167,สันไร่กาแฟ
6216745c4a0d2cd7d5a8040b,n2655145988,18.78125,98.999,Bella Goose Coffee
6216745c4a0d2cd7d5a80426,n2934994593,18.75878,98.94052,Vet Med Cafeteria
6216745c4a0d2cd7d5a8043a,n3182220946,18.80137,98.95017,ฝ้ายเบเกอรี่
6216745c4a0d2cd7d5a8044b,n3247403107,18.95645,98.80499,ไร่องุ่น สอ บีกา
6216745c4a0d2cd7d5a80470,n3340982844,18.87559,99.01479,Café Amazon
6216745c4a0d2cd7d5a8047b,n3359378559,18.83411,99.057,Café Amazon
6216745c4a0d2cd7d5a804af,n3426415665,18.79878,98.96864,Manifreshto
6216745c4a0d2cd7d5a804c8,n3819711686,18.80635,98.95791,Catmosphere Cat Café
6216745c4a0d2cd7d5a804cc,n3843126642,18.801,98.96746,Local Cafe
6216745c4a0d2cd7d5a804e2,n3928262001,18.74497,98.98949,อินทนนท์ กาแฟสด
6216745c4a0d2cd7d5a804eb,n3996636060,18.80355,98.97447,Caffè B{e}arista
6216745c4a0d2cd7d5a804f6,n4139956489,18.7937,98.99345,HOM cafe
6216745c4a0d2cd7d5a804fe,n4210249666,18.80294,98.97543,Huean Hug Coffee
6216745c4a0d2cd7d5a80516,n4358611169,18.78971,98.95582,ร้านกาแฟสังคม
6216745c4a0d2cd7d5a80517,n4358616613,18.78975,98.9643,โตและสด
6216745c4a0d2cd7d5a80519,n4358843115,18.79122,98.95938,ร้านกาแฟสังคม
6216745c4a0d2cd7d5a80526,n4416236897,18.79942,99.01695,Black coffee smile
6216745c4a0d2cd7d5a8052b,n4440847089,18.78755,98.98253,Taa Peng Cat
6216745c4a0d2cd7d5a8052d,n4446821271,18.85513,98.99967,Lanna Cafe
6216745c4a0d2cd7d5a8053a,n4522532754,18.85227,98.96699,Gedhawa
6216745c4a0d2cd7d5a80546,n4559427489,18.79234,98.99019,Come on coffe
6216745c4a0d2cd7d5a8054c,n4592642581,18.90959,99.01696,พอใจค็อฟฟี่
6216745c4a0d2cd7d5a8055b,n4608589190,18.84194,99.07077,Bonbon Cafe
6216745c4a0d2cd7d5a80389,n1133610755,18.79187,98.99152,Lucky Coffee
6216745c4a0d2cd7d5a80393,n1381345475,18.76987,99.07153,Café Amazon
6216745c4a0d2cd7d5a803c4,n2085410597,18.79556,98.953,โอชัวร์
6216745c4a0d2cd7d5a803f5,n2582060112,18.9168,98.99746,กาแฟสด อาหาร
6216745c4a0d2cd7d5a803fd,n2611231828,18.93888,98.943,ไม้เฮือน๖๐
6216745c4a0d2cd7d5a80403,n2633808687,19.81432,99.11307,Strawberry Fields Forever
6216745c4a0d2cd7d5a8040f,n2655193795,18.78183,98.99856,วิมล คาราโอเกะ
6216745c4a0d2cd7d5a80417,n2682539763,18.80157,99.01054,Walk Street Café
6216745c4a0d2cd7d5a8041e,n2726518791,18.79723,99.0081,"Bud's Ice Cream"
6216745c4a0d2cd7d5a80425,n2922091901,18.8013,98.96743,Doqaholic Cafe
6216745c4a0d2cd7d5a80433,n3121493939,18.67151,98.88793,Café Amazon
6216745c4a0d2cd7d5a8043c,n3184594339,18.80889,99.0119,Café Amazon
6216745c4a0d2cd7d5a80451,n3277470021,18.78792,98.99279,Pai Doi Coffee
6216745c4a0d2cd7d5a8046d,n3337437293,18.74332,99.12153,Bitter and Sweet
6216745c4a0d2cd7d5a80475,n3347631779,18.76941,98.97534,Black Canyon Coffee
6216745c4a0d2cd7d5a8047f,n3369623290,18.79276,98.99219,Cafe Arte
6216745c4a0d2cd7d5a8048b,n3388725586,18.7811,98.98251,Bike Cafe
6216745c4a0d2cd7d5a8048f,n3401322096,18.77228,98.97829,The Volcano
6216745c4a0d2cd7d5a80492,n3412153328,18.75212,99.00891,สภากาแฟ 89
6216745c4a0d2cd7d5a80496,n3414272483,18.78562,98.99529,"The Baker's"
6216745c4a0d2cd7d5a804b4,n3453468996,18.91461,99.08306,Sanguan
6216745c4a0d2cd7d5a804d3,n3897763597,18.80511,98.97329,คาเฟ่ เม้าท์ฟิวล์
6216745c4a0d2cd7d5a804e4,n3933516649,18.68254,98.91865,Chillan Coffee
6216745c4a0d2cd7d5a804ec,n4009513093,18.76452,99.00831,Eight Cafe Chiangmai
6216745c4a0d2cd7d5a804f7,n4142717265,18.81691,99.02058,Yellow Duck Cafe
6216745c4a0d2cd7d5a804ff,n4212373091,18.78823,98.98653,Kalapela Tea House
6216745c4a0d2cd7d5a80534,n4504644390,18.7962,99.00823,กาแฟ รสนิยม
6216745c4a0d2cd7d5a80386,n1127593959,18.7976,98.96673,Starbucks
6216745c4a0d2cd7d5a80388,n1133608908,18.791,98.99147,Coffee Bar
6216745c4a0d2cd7d5a8038c,n1173899407,18.76812,99.00589,Sweet Sarapee
6216745c4a0d2cd7d5a803a0,n1496929137,18.75871,99.04746,Indy Coffee
6216745c4a0d2cd7d5a803a1,n1517513409,19.13297,98.70405,32km Coffee Hill
6216745c4a0d2cd7d5a803a2,n1517514449,19.15268,98.69252,Le Vintage
6216745c4a0d2cd7d5a803a5,n1598984446,18.78786,98.99016,Wawee Coffee
6216745c4a0d2cd7d5a803dd,n2434791094,18.80159,98.95355,Kopi Gusto
6216745c4a0d2cd7d5a803ea,n2520629646,18.79132,99.02714,เบนซ์ คาเฟ่
6216745c4a0d2cd7d5a80402,n2631763471,18.79899,99.24224,ร้านกาแฟ ยู-โนกะ
6216745c4a0d2cd7d5a8040e,n2655180134,18.784,98.99854,"Cafe' de Siam"
6216745c4a0d2cd7d5a8042c,n3081257253,18.58796,98.48631,Summit Cafe
6216745c4a0d2cd7d5a8042e,n3103269529,18.7436,99.11949,Love Coffee
6216745c4a0d2cd7d5a80437,n3174251462,18.68786,98.94716,Homm
6216745c4a0d2cd7d5a8043e,n3195504332,18.81221,98.99119,มิ่งมิตร กาแฟ
6216745c4a0d2cd7d5a80452,n3281905420,18.76953,98.96781,สตาร์บัคส์
6216745c4a0d2cd7d5a80453,n3283940818,18.80188,98.97835,Ice Manias
6216745c4a0d2cd7d5a80468,n3318943789,19.36881,99.20042,Café Amazon
6216745c4a0d2cd7d5a80473,n3341093652,18.7768,98.95379,Doi Chaang
6216745c4a0d2cd7d5a8047e,n3369589474,18.79186,98.97032,กาแฟรสนิยม
6216745c4a0d2cd7d5a80480,n3371232076,18.79522,98.98737,มิ่งมิตร
6216745c4a0d2cd7d5a80494,n3414272473,18.7851,98.99612,At Fifteen
6216745c4a0d2cd7d5a80498,n3417167515,18.78591,99.00272,Coffee Bug
6216745c4a0d2cd7d5a804ae,n3426415662,18.79978,98.96873,บ้านตะวันฉาย
6216745c4a0d2cd7d5a804c4,n3741019925,18.79617,98.96614,72 Café
6216745c4a0d2cd7d5a804d1,n3880114766,18.19356,98.60708,Café Amazon
6216745c4a0d2cd7d5a804d4,n3905979257,18.87475,99.00799,Maison de Café
6216745c4a0d2cd7d5a804f1,n4069613391,18.74877,98.98678,"The Paper: Books, Coffee & Guest House"
6216745c4a0d2cd7d5a804fb,n4206128689,20.06035,99.36132,Doi Luang Coffee
6216745c4a0d2cd7d5a8053b,n4535975015,18.79636,98.99311,Oasis Café
6216745c4a0d2cd7d5a8053e,n4539213080,18.78747,98.96896,Hana Zono
6216745c4a0d2cd7d5a80545,n4557856199,18.79062,98.99324,Sang
6216745c4a0d2cd7d5a80553,n4596241387,18.80095,98.96368,Flapping Duck
6216745c4a0d2cd7d5a80380,n1101287088,18.78103,98.99794,Wawee
6216745c4a0d2cd7d5a80390,n1361121238,18.76687,99.00502,Twin Cafe
6216745c4a0d2cd7d5a803a6,n1615247948,18.76287,98.99497,Fat Cat
6216745c4a0d2cd7d5a803ab,n1796986984,18.79777,98.96664,Ming Muang
6216745c4a0d2cd7d5a803ac,n1796992462,18.79756,98.96704,Wawee Coffee
6216745c4a0d2cd7d5a803c3,n2082864508,18.7977,98.98952,Kissa Cafe
6216745c4a0d2cd7d5a803c7,n2095788662,18.79626,99.03993,กลิ่นละมุน
6216745c4a0d2cd7d5a803f8,n2597971867,18.78602,98.99862,Cafe Blanco
6216745c4a0d2cd7d5a8041c,n2687048817,18.43458,98.68542,กาแฟดอยขุนแตะ
6216745c4a0d2cd7d5a8041f,n2833437963,18.82725,98.95442,Chang-Kian Coffee
6216745c4a0d2cd7d5a80427,n2941835002,18.7395,99.08137,ฅนขายเป็ด
6216745c4a0d2cd7d5a80428,n2969701534,18.80118,98.9675,Camellia & Co.
6216745c4a0d2cd7d5a80443,n3211600662,19.10121,98.77237,Coffee in Mae Lod
6216745c4a0d2cd7d5a8044c,n3247457955,18.72466,98.92532,Sameong Coffee
6216745c4a0d2cd7d5a8044d,n3249111057,18.80656,99.01841,Black Canyon Coffee
6216745c4a0d2cd7d5a80458,n3287033149,18.78992,98.9883,Café de Museum
6216745c4a0d2cd7d5a80489,n3385507274,18.79273,98.97917,East Coffee
6216745c4a0d2cd7d5a8049c,n3418977493,18.75041,99.02682,Coffee Lover Chiang Mai
6216745c4a0d2cd7d5a8049d,n3418977906,18.78958,98.99528,บ้าน นฤมิตร
6216745c4a0d2cd7d5a804a5,n3421245743,18.79333,98.97157,Coffeebooz
6216745c4a0d2cd7d5a804c7,n3810861066,18.77216,98.97252,Café Amazon
6216745c4a0d2cd7d5a804f3,n4115297791,18.75149,99.06353,Café Amazon
6216745c4a0d2cd7d5a804fa,n4203872790,19.44847,98.9831,Banporpiang Coffee
6216745c4a0d2cd7d5a80501,n4225187389,18.78995,98.9816,Nine coffee
6216745c4a0d2cd7d5a8050b,n4324640989,18.76918,99.00061,Hazz cafe - Hallal (A/C)
6216745c4a0d2cd7d5a80511,n4352509194,18.78842,98.99857,Plum Coffee & Smoothies
6216745c4a0d2cd7d5a8051a,n4359154584,18.80761,98.995,กูโรตี
6216745c4a0d2cd7d5a8051d,n4360053466,18.79013,98.9627,ร้านนมมน
6216745c4a0d2cd7d5a80527,n4426152917,18.83395,99.20203,Uncle Lee Coffee
6216745c4a0d2cd7d5a80533,n4496361990,18.79501,98.96545,Black Ground
6216745c4a0d2cd7d5a8053c,n4536303338,18.80028,98.99426,Salotto Coffee
6216745c4a0d2cd7d5a8053d,n4537983761,18.7911,98.99526,Yin Dee
6216745c4a0d2cd7d5a8055f,n4636802719,18.76172,99.04173,"Es'satto Coffee"
6216745c4a0d2cd7d5a803b4,n1797049148,18.79668,98.96703,La Genoise
6216745c4a0d2cd7d5a803c0,n2055855117,18.78602,98.99269,Kopi-O Cafe
6216745c4a0d2cd7d5a803c6,n2085487654,18.78089,98.95293,Paper Spoon
6216745c4a0d2cd7d5a803cd,n2124797950,18.79584,98.97146,Sangdee
6216745c4a0d2cd7d5a803d2,n2341962164,18.76625,99.03787,Jellio
6216745c4a0d2cd7d5a803d3,n2404044286,18.78843,98.98326,Akha Ama La Fattoria
6216745c4a0d2cd7d5a803d4,n2414298003,18.78721,98.99886,Cafe de Sirin
6216745c4a0d2cd7d5a803e1,n2442812998,18.78835,98.98666,Pacamara
6216745c4a0d2cd7d5a803ec,n2527662833,18.80323,98.98002,Akha Ama
6216745c4a0d2cd7d5a80408,n2650709899,18.78992,98.95606,Club Diva
6216745c4a0d2cd7d5a8040c,n2655153486,18.78692,98.99884,Doi Chang
6216745c4a0d2cd7d5a8043b,n3182230621,18.79866,99.02392,Wawee Coffee
6216745c4a0d2cd7d5a80447,n3242156461,18.78959,98.97056,Black Canyon Coffee
6216745c4a0d2cd7d5a80465,n3317902512,18.79591,98.9841,โอลด์ดี้ กาแฟไทย
6216745c4a0d2cd7d5a80474,n3342127912,18.73465,98.93791,The café
6216745c4a0d2cd7d5a80479,n3347633206,18.76934,98.97471,"Swensen's"
6216745c4a0d2cd7d5a804a2,n3419878776,18.75169,98.9406,Ramino
6216745c4a0d2cd7d5a804a4,n3421207456,18.79486,98.97057,Somhiat
6216745c4a0d2cd7d5a804a8,n3421257554,18.79358,98.97086,ภคมน
6216745c4a0d2cd7d5a804a9,n3421271719,18.78949,98.97057,To Die For
6216745c4a0d2cd7d5a804b5,n3456825435,18.79188,98.99246,Funkydog
6216745c4a0d2cd7d5a804b7,n3470589850,18.75467,99.05381,Miss Cafe
6216745c4a0d2cd7d5a804bb,n3619858705,18.78792,98.9925,VAVA Frozen Yogurt
6216745c4a0d2cd7d5a804be,n3643587587,18.79021,98.97084,Juice Me Please
6216745c4a0d2cd7d5a804d7,n3907871477,18.78811,98.98323,My Secret Cafe
6216745c4a0d2cd7d5a804e0,n3927203449,18.8065,98.95793,Mac Cafe
6216745c4a0d2cd7d5a804e9,n3968872886,18.78127,98.95347,Rao photo coffee
6216745c4a0d2cd7d5a8050e,n4336604689,18.8024,98.97834,7-11 ห้าแยกสันติธรรม
6216745c4a0d2cd7d5a8050f,n4348232705,18.72477,98.92653,Buff Cafe
6216745c4a0d2cd7d5a80510,n4352243455,18.8288,99.01343,Four Heavens Cafe & Bistro
6216745c4a0d2cd7d5a80514,n4353876797,18.80663,98.97956,Coffee Love
6216745c4a0d2cd7d5a80522,n4362261291,19.06384,98.93941,ม่อน คาเฟ่
6216745c4a0d2cd7d5a8052e,n4458563051,18.86533,99.35069,ลุงปุ๊ด-ป้าเป็ง
6216745c4a0d2cd7d5a80540,n4552503190,18.79438,98.99008,Miracle coffee
6216745c4a0d2cd7d5a80567,n4730080789,18.78961,98.98356,Viya
6216745c4a0d2cd7d5a803af,n1797000716,18.79749,98.96823,9th Street
6216745c4a0d2cd7d5a803be,n2040042303,18.78508,98.99257,Juicy4U
6216745c4a0d2cd7d5a803e7,n2494631745,18.85478,98.75264,ไร่นท-ภูผา
6216745c4a0d2cd7d5a803eb,n2523232243,18.79521,98.9678,Luvv Cafe
6216745c4a0d2cd7d5a803f2,n2581625565,18.76658,99.08352,Game Online & Internet
6216745c4a0d2cd7d5a803ff,n2618230818,17.79994,98.3576,ร้านกาแฟ โรงเรียนอมก๋อยวิทยาคม
6216745c4a0d2cd7d5a8040d,n2655177035,18.7833,98.99842,Mr. K Coffee
6216745c4a0d2cd7d5a80419,n2684247512,18.58374,98.8853,กาแฟสด อินทนนท์
6216745c4a0d2cd7d5a80457,n3285318965,18.79814,98.97907,Sweet Tree
6216745c4a0d2cd7d5a8046a,n3322909006,18.62714,98.89576,ไอศกรีมป่าตัน
6216745c4a0d2cd7d5a80490,n3409866633,18.73862,99.01445,Café Amazon
6216745c4a0d2cd7d5a8049e,n3418977912,18.79186,98.99576,ดาราอาหารเวียดนาม
6216745c4a0d2cd7d5a804a3,n3419878778,18.75424,98.94054,ร้านเกษตร มช.
6216745c4a0d2cd7d5a804a7,n3421254994,18.79366,98.97088,"Kola's Honeymoon"
6216745c4a0d2cd7d5a804bd,n3632320011,18.78598,98.99266,Overstand
6216745c4a0d2cd7d5a804c6,n3803713498,18.92985,98.92981,Kaffee Bitte
6216745c4a0d2cd7d5a804cf,n3854066930,19.68789,99.14863,Café Amazon
6216745c4a0d2cd7d5a804de,n3927203446,18.79297,98.98621,Fahtara
6216745c4a0d2cd7d5a804e3,n3930110086,19.20039,98.88777,Ying Yui Coffee
6216745c4a0d2cd7d5a804e8,n3957108529,18.78603,98.99147,Bodhi Tree 1 Café
6216745c4a0d2cd7d5a80506,n4265502391,18.81367,98.97379,Omnia
6216745c4a0d2cd7d5a8050d,n4336587591,18.7519,99.02992,ร้านแม่
6216745c4a0d2cd7d5a80513,n4353683213,18.78988,98.95689,The Coffee Work
6216745c4a0d2cd7d5a80554,n4596413944,18.79503,98.96369,Frenchie Cafe
6216745c4a0d2cd7d5a80557,n4601037990,18.1467,98.34849,ดอกสนคาเฟ่
6216745c4a0d2cd7d5a8055e,n4627695092,18.82943,99.01266,Mingmitr Coffee
6216745c4a0d2cd7d5a80563,n4694698200,18.73002,99.10949,More Fresh
6216745c4a0d2cd7d5a80382,n1101288715,18.78381,99.00012,Starbucks
6216745c4a0d2cd7d5a8038a,n1166342189,18.80166,99.01717,K-Coffee
6216745c4a0d2cd7d5a80395,n1459660867,18.76472,99.08164,Art Bosang Coffee House
6216745c4a0d2cd7d5a80399,n1474872898,18.77039,98.96829,Black Canyon Coffee
6216745c4a0d2cd7d5a8039f,n1491320808,18.79037,98.99182,City Cafe
6216745c4a0d2cd7d5a803a3,n1526074376,19.26057,98.91393,Raming Tea Rooms
6216745c4a0d2cd7d5a803bf,n2045679477,19.38319,98.95002,หมอกหลวง เชียงดาว
6216745c4a0d2cd7d5a803cb,n2105726947,18.7991,98.96722,Ristr8to
6216745c4a0d2cd7d5a803db,n2434787311,18.80389,98.95232,PAK Cafe
6216745c4a0d2cd7d5a803dc,n2434788491,18.80171,98.95185,ฝ้ายเบเกอรี่
6216745c4a0d2cd7d5a803e2,n2450538522,18.8282,99.01203,Doi Chaang
6216745c4a0d2cd7d5a803e6,n2494459527,20.05849,99.36045,"Jack's Coffee & Bakery"
6216745c4a0d2cd7d5a803f4,n2582055354,18.77038,99.08519,กาแฟสด
6216745c4a0d2cd7d5a80404,n2641942618,18.89255,99.17243,Coffee Terminal
6216745c4a0d2cd7d5a8040a,n2652920111,18.77975,98.99155,Coffee 2 Days
6216745c4a0d2cd7d5a8041a,n2685071679,18.54279,98.59156,Inthanon Coffee
6216745c4a0d2cd7d5a80424,n2881830841,18.91737,98.91067,Tea Garden
6216745c4a0d2cd7d5a8042f,n3106841846,18.91265,98.92912,Baa Baa Black Cafe
6216745c4a0d2cd7d5a80436,n3168260766,18.79846,98.96882,Librarista
6216745c4a0d2cd7d5a80454,n3285280608,18.80049,98.97808,Soi Cafe
6216745c4a0d2cd7d5a80456,n3285298563,18.79955,98.97782,Beloved Shop
6216745c4a0d2cd7d5a80469,n3322713453,18.8368,98.97538,Roastniyom Coffee
6216745c4a0d2cd7d5a8046c,n3329625278,18.93203,99.34686,What Coffee
6216745c4a0d2cd7d5a8046e,n3340127233,18.89878,98.86043,Café Amazon
6216745c4a0d2cd7d5a80471,n3341008197,18.91529,98.94197,Omelette Bakery Cafe
6216745c4a0d2cd7d5a80472,n3341012238,18.9125,98.93775,Chill Chill Cup
6216745c4a0d2cd7d5a8048a,n3388701190,18.78869,98.98023,Thor Phan
6216745c4a0d2cd7d5a8048d,n3400272248,18.79284,98.95435,I Like Ice-cream
6216745c4a0d2cd7d5a8049f,n3419811900,18.89975,99.00635,Mont Jo
6216745c4a0d2cd7d5a804a1,n3419871310,18.72513,98.9252,"Toong's"
6216745c4a0d2cd7d5a804b3,n3440864915,18.78216,98.98728,Clay Studio Café
6216745c4a0d2cd7d5a804d0,n3877442977,18.77712,98.97664,Inthanin Coffee
6216745c4a0d2cd7d5a804df,n3927203448,18.79844,98.96906,Healthy B
6216745c4a0d2cd7d5a804ea,n3979200911,18.82801,99.01282,Jario Coffee
6216745c4a0d2cd7d5a80520,n4360106566,18.79355,98.96751,Smile Milk Uniserv CMU
6216745c4a0d2cd7d5a80559,n4608105020,18.79305,98.98949,The Chef
6216745c4a0d2cd7d5a8055c,n4609472603,18.74779,99.06739,SP Coffee
6216745c4a0d2cd7d5a80562,n4691707613,18.76563,98.99192,Green Cup
6216745c4a0d2cd7d5a80572,n4811280524,18.80644,98.95747,Art Roastery Huay Kaew
6216745c4a0d2cd7d5a80576,n4879583153,18.72092,98.96291,Petit Cabane
6216745c4a0d2cd7d5a8056c,n4761003587,18.76346,99.00834,Zaap C U Cafe
6216745c4a0d2cd7d5a8057f,n5009187333,18.81614,98.98049,Rx Cafe
6216745c4a0d2cd7d5a805a9,n5426264832,18.8105,98.94878,Café
6216745c4a0d2cd7d5a805b7,n5621081721,18.79523,98.98718,Mana Café
6216745c4a0d2cd7d5a8056a,n4748011323,18.78792,98.99268,Fruiturday
6216745c4a0d2cd7d5a805bb,n5772570728,18.76571,99.10909,หมาใจดำ
6216745c4a0d2cd7d5a805c1,n5919670289,18.79346,98.99041,ZMOY
6216745c4a0d2cd7d5a805c9,n5933370533,18.77581,98.98202,Artisan
6216745c4a0d2cd7d5a805d0,n5987644570,18.78813,98.98838,Khum Cafe
6216745c4a0d2cd7d5a805dc,n6073166485,18.83504,98.9748,ลีฟฟี่กรีนส์
6216745c4a0d2cd7d5a805e6,n6194386786,18.66127,98.66117,Ma Mueang Win
6216745c4a0d2cd7d5a805e7,n6195852485,18.78605,98.98102,S-rong coffee
6216745c4a0d2cd7d5a805f7,n6371396585,18.92311,99.33403,Shade Grow Coffee
6216745c4a0d2cd7d5a8061e,n7107398583,19.22,98.84652,จังเกิ้ล เดอ คาเฟ่
6216745c4a0d2cd7d5a80629,n7579280681,18.79218,98.95826,cafe Amazon
6216745c4a0d2cd7d5a8062a,n7599272060,18.77059,98.97421,"Jardin d'été Gelato and Dessert Cafe"
6216745c4a0d2cd7d5a80639,n8305114873,18.72999,98.94387,Coffee House
6216745c4a0d2cd7d5a8063a,n8326616478,19.13081,99.02111,สวนนิรันดร์
6216745c4a0d2cd7d5a8063f,n8637023464,19.07307,98.93879,Black Canyon Coffee
6216745c4a0d2cd7d5a80642,n8789685894,18.76708,99.07643,Sunday Coffee Brew
6216745c4a0d2cd7d5a80654,n9387792314,18.74995,98.95062,Cafe Reste
6216745c4a0d2cd7d5a80658,n9404324017,18.8422,98.90575,กาแฟขุนช่างเคี่ยน
6216745c4a0d2cd7d5a8065d,n9430021019,18.80022,99.02038,"Ma Che're"
6216745c4a0d2cd7d5a80587,n5195686872,18.89615,99.04342,Ducky Coffee
6216745c4a0d2cd7d5a80568,n4733771823,19.91892,99.21269,Taan Joa Khun Coffee
6216745c4a0d2cd7d5a80580,n5021459625,18.76486,98.87569,Vegetarian mountain
6216745c4a0d2cd7d5a80586,n5187642722,19.22522,98.8149,คาเฟ่ อิน ไวด์
6216745c4a0d2cd7d5a805ab,n5444250499,18.72033,99.15318,Rock & Loft Cafe
6216745c4a0d2cd7d5a805ba,n5758046621,18.78845,98.99312,CoolMuang
6216745c4a0d2cd7d5a805c5,n5928090575,18.79977,98.96788,The Volcano
6216745c4a0d2cd7d5a805db,n6062541948,18.91905,98.91448,Vans Coffee
6216745c4a0d2cd7d5a805de,n6094446495,18.7932,98.9852,Simply Happy
6216745c4a0d2cd7d5a805ec,n6232754405,18.77703,99.00439,Improvise
6216745c4a0d2cd7d5a80612,n6950957217,19.11683,98.72995,Coffee in the Garden
6216745c4a0d2cd7d5a8061d,n7072049862,18.81223,98.9671,Fleur de Mai
6216745c4a0d2cd7d5a80628,n7501410419,18.82174,98.94905,Wild Coffee & Bistro
6216745c4a0d2cd7d5a8062c,n7676192798,18.79739,99.00517,fresh and mild
6216745c4a0d2cd7d5a8062d,n7718863258,18.74151,98.98502,Khang Wat
6216745c4a0d2cd7d5a8063b,n8333233834,18.76612,99.07735,Dek-Cha บ่อสร้าง
6216745c4a0d2cd7d5a8063d,n8586445687,18.82911,99.00627,Sweet Garden
6216745c4a0d2cd7d5a8056b,n4752385436,18.8028,98.94962,กาแฟสดสังคม
6216745c4a0d2cd7d5a80584,n5160870421,18.80047,99.01326,Farm Kid Cafe
6216745c4a0d2cd7d5a80585,n5185937222,18.78107,98.99607,Coffee Point Changmai
6216745c4a0d2cd7d5a805ac,n5455786827,18.76838,98.98371,Café Amazon
6216745c4a0d2cd7d5a805bd,n5880381785,18.79178,99.00384,Wong Sa Korn Acres
6216745c4a0d2cd7d5a805c4,n5925629983,18.41496,98.68157,Youngfolk
6216745c4a0d2cd7d5a805cc,n5941619770,18.78838,98.994,The Localist
6216745c4a0d2cd7d5a805d3,n6014750904,18.78396,99.00297,CUBE cafe
6216745c4a0d2cd7d5a805d8,n6052670876,19.80499,99.16792,Baan Siri Coffee & Food
6216745c4a0d2cd7d5a805e1,n6130405289,18.79018,98.9913,Up to Coffee
6216745c4a0d2cd7d5a805e3,n6183630217,19.25857,98.9228,Jungle View Coffee
6216745c4a0d2cd7d5a805e9,n6203233287,18.78507,98.95327,รื่นอารมย์
6216745c4a0d2cd7d5a805f8,n6377522006,18.77794,98.9841,Breathe Cafe and Home Spa Products
6216745c4a0d2cd7d5a80646,n8892200306,18.80545,98.81037,หมูน้อย Coffee & Bar
6216745c4a0d2cd7d5a8064a,n8990242296,18.73068,98.95159,Café Amazon
6216745c4a0d2cd7d5a80652,n9354772493,18.91977,98.9366,Rim fam
6216745c4a0d2cd7d5a80595,n5293932211,19.21543,99.0089,Earth Home Cafe
6216745c4a0d2cd7d5a805a5,n5374663214,18.78133,99.00129,มีใจให้มัทฉะ คาเฟ่
6216745c4a0d2cd7d5a805c3,n5925629982,18.413,98.70434,The Mellow
6216745c4a0d2cd7d5a805ce,n5950919672,18.78914,99.01107,Johoney
6216745c4a0d2cd7d5a805f4,n6326963011,18.76006,98.91421,เดอะ เคฟ ดอยคำ
6216745c4a0d2cd7d5a805f9,n6388490509,18.72103,99.21187,Nopsiri Garden
6216745c4a0d2cd7d5a805fd,n6542873679,18.79506,98.97066,FIVE STAR MIX
6216745c4a0d2cd7d5a8060b,n6810762217,18.76422,98.93665,รสนิยม
6216745c4a0d2cd7d5a80617,n7023419521,18.78159,98.98885,Coco Cafe
6216745c4a0d2cd7d5a8061a,n7035543286,18.7878,98.9997,Daifa garden
6216745c4a0d2cd7d5a80623,n7241572468,18.75439,98.99193,Xinfuli Cafe
6216745c4a0d2cd7d5a80640,n8649726664,18.74214,99.21564,Naive Cafe
6216745c4a0d2cd7d5a80578,n4880216345,18.76958,98.97673,Coffee Bee
6216745c4a0d2cd7d5a8057c,n4961026130,18.78844,98.98258,Brown Rice Organic Cafe
6216745c4a0d2cd7d5a80590,n5272840682,18.85441,98.7003,Café de Mountain
6216745c4a0d2cd7d5a805a0,n5346617710,18.79392,98.95683,ฮิมตาง คาเฟ่
6216745c4a0d2cd7d5a805b4,n5583840796,18.74652,98.88646,The Horse Barn
6216745c4a0d2cd7d5a805c8,n5933370532,18.78974,98.96238,Maled
6216745c4a0d2cd7d5a805d5,n6017634609,18.78109,98.98592,Pangkhon Coffee
6216745c4a0d2cd7d5a805e4,n6189013981,18.95759,98.98287,Cafe Amazon
6216745c4a0d2cd7d5a805e8,n6195852585,18.79438,98.98994,Dark roast
6216745c4a0d2cd7d5a805f3,n6326937923,18.76233,98.90476,Hill Coffee
6216745c4a0d2cd7d5a805fe,n6557999484,18.78799,98.95938,XOXO Cafe
6216745c4a0d2cd7d5a80601,n6579636078,18.79173,98.99325,Cocoa 6
6216745c4a0d2cd7d5a80609,n6788691585,18.79494,98.96832,SS1254372 Cafe
6216745c4a0d2cd7d5a80615,n6984492885,18.79911,98.97299,The Jungle Café
6216745c4a0d2cd7d5a8063e,n8608351746,18.82092,99.05162,ชิก เนเจอร์ คาเฟ่
6216745c4a0d2cd7d5a8064b,n9084096823,18.79116,98.95037,Milk on the rock
6216745c4a0d2cd7d5a80650,n9316918017,18.84845,98.97086,คาเฟ่ อเมซอน
6216745c4a0d2cd7d5a80582,n5132374224,18.78694,99.01012,Caffeine No. 5 Coffee
6216745c4a0d2cd7d5a80599,n5327328688,18.91083,98.92163,Wish and Whisk
6216745c4a0d2cd7d5a805bc,n5824770353,18.22266,98.48217,Taking lunch
6216745c4a0d2cd7d5a805d2,n6014380186,18.73508,98.9373,Bunny Buns
6216745c4a0d2cd7d5a805e2,n6147629598,19.31244,99.19069,Chamok
6216745c4a0d2cd7d5a805ef,n6265198592,18.78297,98.99177,CM Smoothie House
6216745c4a0d2cd7d5a80602,n6584112472,18.72462,98.94794,Padasso Cafe
6216745c4a0d2cd7d5a80621,n7195317885,18.49969,98.36392,คาเฟ่ อเมซอน
6216745c4a0d2cd7d5a80622,n7221644985,18.86555,99.35551,ระเบียงวิวแม่กำปอง
6216745c4a0d2cd7d5a80630,n7875611117,18.8336,99.0038,Slow Bar Cafe
6216745c4a0d2cd7d5a80644,n8812800067,18.84073,98.96948,Doi Taeng Coffee
6216745c4a0d2cd7d5a80591,n5273131423,19.39749,98.93027,Chai Coffee
6216745c4a0d2cd7d5a805af,n5545281420,18.78407,98.99789,Blue Star Coffee
6216745c4a0d2cd7d5a805b5,n5585615822,18.7857,98.98483,HP House Cafe
6216745c4a0d2cd7d5a805b8,n5623443421,18.79338,98.98745,Fact Café
6216745c4a0d2cd7d5a805c6,n5933370530,18.79772,98.96793,The Barisotel
6216745c4a0d2cd7d5a805d6,n6018778386,18.7866,98.98606,Asaksa cafe
6216745c4a0d2cd7d5a805eb,n6217907797,18.80128,98.97548,Passion Project The Café
6216745c4a0d2cd7d5a80604,n6647609510,19.36595,98.97654,มะขามป้อม
6216745c4a0d2cd7d5a8061c,n7050883696,18.747,99.07071,Int Sense Coffee
6216745c4a0d2cd7d5a8062f,n7794425963,18.79475,98.98188,Gusto House Café
6216745c4a0d2cd7d5a80631,n7882686681,18.7595,98.97257,café Amazon
6216745c4a0d2cd7d5a8063c,n8525228454,18.80266,98.98277,TORA BAKE トラ•ベイク
6216745c4a0d2cd7d5a80645,n8845953280,18.84674,99.14698,Innocent Cafe
6216745c4a0d2cd7d5a80570,n4796690555,18.78346,99.0057,Fresher Juice Bar
6216745c4a0d2cd7d5a80581,n5076571309,19.37248,99.20481,Chill & View Cafe
6216745c4a0d2cd7d5a8056e,n4786026322,19.10573,98.93681,Moca Coffee
6216745c4a0d2cd7d5a8056d,n4763900042,18.75698,99.00081,Coffee & Me
6216745c4a0d2cd7d5a8058d,n5234546423,18.82163,98.94973,บ้านนายวิฑูรย์ ส่องแสง
6216745c4a0d2cd7d5a8057a,n4893144721,18.7893,98.96448,Yellow Crafts
6216745c4a0d2cd7d5a8057b,n4905277321,18.79148,98.9748,Fresh& Mild
6216745c4a0d2cd7d5a8058f,n5271206421,18.75209,98.96574,อาคาร ภราดร
6216745c4a0d2cd7d5a8059a,n5338188740,18.84624,99.07948,Cafe Amazon
6216745c4a0d2cd7d5a8059d,n5346609684,18.7946,98.95114,Coffee Shop
6216745c4a0d2cd7d5a805a3,n5356035050,19.91318,99.20718,Book Cafe
6216745c4a0d2cd7d5a805b2,n5559133022,20.06801,99.45677,Pizza and Cafè
6216745c4a0d2cd7d5a805ed,n6259342188,18.78399,98.99084,Miss Juicie
6216745c4a0d2cd7d5a8058c,n5231429625,18.7877,98.99758,Gold land coffe
6216745c4a0d2cd7d5a805f1,n6269572491,18.70757,98.96629,ลองมองคาเฟ่
6216745c4a0d2cd7d5a80627,n7416638353,18.78707,98.99348,All Seasons Travel Cafe
6216745c4a0d2cd7d5a8064f,n9314302717,18.93614,98.81865,ม่อนอิงดาวคาเฟ่
6216745c4a0d2cd7d5a80655,n9396413517,18.90695,98.90675,Sweet Sarapee
6216745c4a0d2cd7d5a8065b,n9422078117,18.96339,98.41737,กาแฟม่อนแดดน้อย
6216745c4a0d2cd7d5a80569,n4744942856,18.80988,98.96228,Barefoot Café
6216745c4a0d2cd7d5a8058b,n5221139063,18.76266,99.02307,Delicafe
6216745c4a0d2cd7d5a8058e,n5269068736,19.92088,99.2128,Gafre Café
6216745c4a0d2cd7d5a8059b,n5340666521,18.79385,98.96918,สวนไอเบอร์รี่
6216745c4a0d2cd7d5a805a1,n5346617712,18.79383,98.95693,มิกุชา
6216745c4a0d2cd7d5a805a2,n5348338286,18.79473,99.03606,Cafe Amazon
6216745c4a0d2cd7d5a805d7,n6021255324,18.58739,99.26414,Maetha Organic
6216745c4a0d2cd7d5a80608,n6752738085,18.78343,98.95506,Brick Bistro
6216745c4a0d2cd7d5a80611,n6947410315,18.80446,98.96176,Shop Jui (Smoothies)
6216745c4a0d2cd7d5a8062b,n7624761763,18.75883,98.95938,PR tiny Coffee and Glass
6216745c4a0d2cd7d5a80633,n7921952451,19.7224,99.09654,KMT Coffee
6216745c4a0d2cd7d5a80634,n7969033116,19.32026,98.88511,บ้านฮิมห้วย
6216745c4a0d2cd7d5a80637,n8209596894,19.92467,99.21872,Chill cafe
6216745c4a0d2cd7d5a80647,n8892976815,18.77912,98.95866,เมียงมอง
6216745c4a0d2cd7d5a8056f,n4792155522,18.78005,98.99811,ไก่ทอด​เที่ยงคืน
6216745c4a0d2cd7d5a80574,n4867436723,18.64507,98.69757,Huan Hom Rada
6216745c4a0d2cd7d5a80592,n5274894622,18.79665,99.02501,ลานจอดรถ DTAC
6216745c4a0d2cd7d5a80597,n5313364622,18.73062,98.94239,Sweet a Bit Cake
6216745c4a0d2cd7d5a805b9,n5694469226,18.7872,98.98813,Smoothie shop
6216745c4a0d2cd7d5a805c0,n5917955982,18.79478,98.96494,Posrest
6216745c4a0d2cd7d5a805df,n6109002385,18.80335,98.95979,แอนนิต้า คาเฟ่
6216745c4a0d2cd7d5a805ee,n6261745827,18.77523,98.98958,Unlimit Coffee
6216745c4a0d2cd7d5a805fc,n6542873678,18.78892,98.97369,สวัสดีกาแฟสด
6216745c4a0d2cd7d5a80625,n7294301985,18.2775,98.38371,Riverside Café
6216745c4a0d2cd7d5a8064d,n9252808360,18.75178,99.00926,Nobi Cha
6216745c4a0d2cd7d5a80653,n9366649140,18.9227,99.3182,สมศ
6216745c4a0d2cd7d5a80656,n9401807217,18.77647,98.94843,Mata Coffee
6216745c4a0d2cd7d5a8065a,n9411806917,19.3747,98.96275,VELAR
6216745c4a0d2cd7d5a8057e,n4995205024,18.79726,98.98984,ร้านหุ้มเบาะ
6216745c4a0d2cd7d5a80596,n5313364621,18.72816,98.9453,Marche Dome
6216745c4a0d2cd7d5a8059c,n5344068322,18.78112,98.9962,Harinezumi Hedgehog Cafe
6216745c4a0d2cd7d5a8059f,n5346617708,18.79368,98.95707,Fresh & Mild
6216745c4a0d2cd7d5a805a7,n5385230108,19.34159,98.96008,Zen Tea Time
6216745c4a0d2cd7d5a805b0,n5558856823,18.79607,98.98164,Wake Up Coffee
6216745c4a0d2cd7d5a805b3,n5583840795,18.74864,98.88664,Field Good
6216745c4a0d2cd7d5a805b6,n5593553723,18.78164,98.98242,Tenten
6216745c4a0d2cd7d5a805c7,n5933370531,18.79186,98.99142,Nowhere
6216745c4a0d2cd7d5a805da,n6062515601,18.90746,98.90383,Between Cafe
6216745c4a0d2cd7d5a8060a,n6796226397,18.53819,98.54695,Pati non coffe plantation
6216745c4a0d2cd7d5a80613,n6953422718,18.56984,98.84844,We Coffee
6216745c4a0d2cd7d5a80614,n6984212486,18.79485,98.96892,Flour Flour
6216745c4a0d2cd7d5a80618,n7023601394,19.9219,99.21908,Mac Coffee
6216745c4a0d2cd7d5a8062e,n7726168885,19.25126,98.63839,ร้านกาแฟสดรักจัง
6216745c4a0d2cd7d5a80632,n7889643385,18.45064,98.71128,Rabbit Cafe
6216745c4a0d2cd7d5a80643,n8805729717,18.79225,99.00463,บ้านกาแฟ
6216745c4a0d2cd7d5a8065c,n9422147918,18.95375,98.43906,Miracle Coffee
6216745c4a0d2cd7d5a805bf,n5915461228,18.79637,98.97682,A.B.C.D.
6216745c4a0d2cd7d5a805fb,n6441973185,18.77761,98.98098,Three The art of Coffee
6216745c4a0d2cd7d5a805ff,n6562147586,18.78578,98.98202,Good Day Cafe
6216745c4a0d2cd7d5a80606,n6722728185,18.80837,98.96446,Cornerhouse Fifteen
6216745c4a0d2cd7d5a8061b,n7042842385,18.84496,99.04343,Muanchon
6216745c4a0d2cd7d5a80624,n7284389586,18.41818,98.67764,Cafe Inthanon
6216745c4a0d2cd7d5a805a4,n5365571787,19.36318,98.97508,Jiang Dara Coffee & Tea
6216745c4a0d2cd7d5a805a8,n5405123023,18.78933,99.02549,Black Canyon Coffee
6216745c4a0d2cd7d5a805d9,n6062427878,18.61817,98.76143,Hug@Health
6216745c4a0d2cd7d5a805f2,n6271587867,19.35847,99.1993,ภูภัคคาเฟ่
6216745c4a0d2cd7d5a805f5,n6330472004,18.49515,98.8147,พทธรักษา
6216745c4a0d2cd7d5a8060f,n6881872755,18.55421,98.84874,Cafe Amazon
6216745c4a0d2cd7d5a80648,n8972417444,18.73316,98.93898,Lee Cafe
6216745c4a0d2cd7d5a80649,n8987752967,18.86573,99.3556,บ้านอิงดาว แม่กำปอง
6216745c4a0d2cd7d5a8064c,n9197354582,18.95545,99.31036,Sky Hawk
6216745c4a0d2cd7d5a80659,n9409591056,18.84309,99.07353,Aileen Coffee CNX
6216745c4a0d2cd7d5a80571,n4797812722,18.85906,99.27524,Acaba Coffee Roastery
6216745c4a0d2cd7d5a80579,n4889011525,18.82027,98.95124,Coffee or Me
6216745c4a0d2cd7d5a8058a,n5207438911,18.76104,99.01824,Homglai
6216745c4a0d2cd7d5a80593,n5276808922,18.74273,98.92448,สหภาพกระต่าย
6216745c4a0d2cd7d5a805ad,n5480647765,18.77961,99.00275,SnoozeChaingmai
6216745c4a0d2cd7d5a805be,n5907575285,18.78231,98.98979,Egg Coffee Chiang Mai
6216745c4a0d2cd7d5a805c2,n5923928435,19.02391,98.87027,How Home
6216745c4a0d2cd7d5a805e5,n6194136544,19.65332,99.14667,Coffee Shop
6216745c4a0d2cd7d5a80600,n6564343085,18.81579,99.0005,The baristro x river ping
6216745c4a0d2cd7d5a80605,n6700467244,18.81014,98.98503,"By'N"
6216745c4a0d2cd7d5a8061f,n7136176764,18.8004,98.95885,Coffee Munao
6216745c4a0d2cd7d5a80620,n7183624485,18.94156,98.92862,Ta Ta Ta - Café de Flure
6216745c4a0d2cd7d5a80626,n7416638348,18.78691,98.99343,Smoothie Blues
6216745c4a0d2cd7d5a80636,n8039665341,18.45137,98.75256,Inthanin
6216745c4a0d2cd7d5a80641,n8712823742,18.79983,99.01292,Mingmitr Coffee
6216745c4a0d2cd7d5a80651,n9328870117,18.76342,98.9746,รสนิยม คาเฟ่
6216745c4a0d2cd7d5a80657,n9404139417,18.80412,98.98109,Cafe de Sot
6216745c4a0d2cd7d5a80573,n4820434529,18.79219,98.99017,Vigie Sist Cafe
6216745c4a0d2cd7d5a8057d,n4963189664,18.73398,98.957,Bon Bon Cafe
6216745c4a0d2cd7d5a80594,n5287018021,18.79281,98.99165,"Khun Kae's Juice Bar"
6216745c4a0d2cd7d5a80598,n5313364627,18.73098,98.94188,Danissa Bakery & Cafe
6216745c4a0d2cd7d5a805aa,n5439223989,18.74434,98.99137,อินทนนท์ กาแฟ
6216745c4a0d2cd7d5a805ae,n5519849098,18.73566,98.99343,baan bond cafe
6216745c4a0d2cd7d5a805cb,n5933370535,18.7944,99.00146,Marocchino
6216745c4a0d2cd7d5a805cf,n5978043352,18.79506,98.96753,Roxpresso
6216745c4a0d2cd7d5a805dd,n6077929085,18.79351,98.98669,Punspace
6216745c4a0d2cd7d5a80607,n6745272892,18.79525,98.98897,Rich Coffee
6216745c4a0d2cd7d5a8060c,n6865465685,18.79841,98.97938,Light Up Cafe
6216745c4a0d2cd7d5a8060e,n6875134806,19.28436,98.9684,กาแฟฮิมน้ำ
6216745c4a0d2cd7d5a80616,n6991861341,19.33305,99.19249,Rain Tree Cafe
6216745c4a0d2cd7d5a80635,n7972164250,18.90558,99.03593,觅咖啡 Meet Cafe
6216745c4a0d2cd7d5a8064e,n9288145517,18.76354,98.97291,คาเฟ่ อเมซอน
6216745c4a0d2cd7d5a80575,n4870779121,18.77625,98.99949,art du café
6216745c4a0d2cd7d5a80577,n4879591522,18.76831,98.99935,สภากาแฟ(เจ้าเก่า)
6216745c4a0d2cd7d5a80583,n5141991928,18.83791,99.00007,Coffee shop
6216745c4a0d2cd7d5a80588,n5201216548,18.75473,99.00859,Fieow Coffee Room
6216745c4a0d2cd7d5a80589,n5202076922,18.79517,98.96309,Taste Cafe
6216745c4a0d2cd7d5a8059e,n5346617694,18.79325,98.95741,Moo Coffee
6216745c4a0d2cd7d5a805a6,n5375098626,18.80129,99.01615,Ganesh Cafe
6216745c4a0d2cd7d5a805b1,n5558883026,18.80731,98.95722,Wake Up Coffee
6216745c4a0d2cd7d5a805ca,n5933370534,18.78828,98.99609,Gateway
6216745c4a0d2cd7d5a805cd,n5941633292,18.77682,98.99607,A Day In Chiang Mai
6216745c4a0d2cd7d5a805d1,n5994901904,18.78969,99.00205,Around 18 Grams
6216745c4a0d2cd7d5a805d4,n6015393595,18.79787,98.98997,Light Up Cafe
6216745c4a0d2cd7d5a805e0,n6126618806,19.34127,99.19561,Noodle Cafe
6216745c4a0d2cd7d5a805ea,n6212785422,18.87844,99.14026,Tip Cafe
6216745c4a0d2cd7d5a805f0,n6265220284,18.78302,98.99162,The Center Cafe
6216745c4a0d2cd7d5a805f6,n6330472006,18.487,98.6723,Coffee Zone
6216745c4a0d2cd7d5a805fa,n6388546807,18.72763,99.18136,Green Moon
6216745c4a0d2cd7d5a80603,n6587304254,18.80028,99.01337,CHINCHA
6216745c4a0d2cd7d5a8060d,n6875134597,19.37039,98.9649,Kamp Cafe
6216745c4a0d2cd7d5a80610,n6894494970,18.83693,98.96104,PanLaMun 700ปี ปั่นละมุน
6216745c4a0d2cd7d5a80619,n7027943486,18.7901,98.98242,Hüg Smoothie
6216745c4a0d2cd7d5a80638,n8266111143,19.0756,98.93789,Horm
621a60d718b596f1b433cb7a,new1,18.757293348006854,99.05223619117112,The Local Coffee House
621a62d018b596f1b433cb88,new2,18.8091570847284,98.98203689748631,KRISP CAFÉ
621a656818b596f1b433cb9b,new3,18.792056624416738,98.99544957050027,ใต้ถุนบ้าน
621a671e18b596f1b433cba7,new4,18.78302284122485,98.98466001024907,carrot
621a685718b596f1b433cbae,new5,18.793411851635682,98.98276098399316,Over&Over
621a699e18b596f1b433cbb0,new6,18.85229748199797,99.04367118412472,ผลิ